{
  "hash": "aef700e0",
  "configHash": "9e171164",
  "lockfileHash": "a3d37ca7",
  "browserHash": "5773d987",
  "optimized": {
    "@angular/common": {
      "src": "../../../../../../node_modules/@angular/common/fesm2022/common.mjs",
      "file": "@angular_common.js",
      "fileHash": "91dad090",
      "needsInterop": false
    },
    "@angular/common/http": {
      "src": "../../../../../../node_modules/@angular/common/fesm2022/http.mjs",
      "file": "@angular_common_http.js",
      "fileHash": "795a74b3",
      "needsInterop": false
    },
    "@angular/core": {
      "src": "../../../../../../node_modules/@angular/core/fesm2022/core.mjs",
      "file": "@angular_core.js",
      "fileHash": "c24e8490",
      "needsInterop": false
    },
    "@angular/forms": {
      "src": "../../../../../../node_modules/@angular/forms/fesm2022/forms.mjs",
      "file": "@angular_forms.js",
      "fileHash": "48093b90",
      "needsInterop": false
    },
    "@angular/platform-browser": {
      "src": "../../../../../../node_modules/@angular/platform-browser/fesm2022/platform-browser.mjs",
      "file": "@angular_platform-browser.js",
      "fileHash": "619b9892",
      "needsInterop": false
    },
    "@angular/platform-browser/animations": {
      "src": "../../../../../../node_modules/@angular/platform-browser/fesm2022/animations.mjs",
      "file": "@angular_platform-browser_animations.js",
      "fileHash": "216dad89",
      "needsInterop": false
    },
    "@angular/router": {
      "src": "../../../../../../node_modules/@angular/router/fesm2022/router.mjs",
      "file": "@angular_router.js",
      "fileHash": "696b8a23",
      "needsInterop": false
    },
    "zone.js": {
      "src": "../../../../../../node_modules/zone.js/fesm2015/zone.js",
      "file": "zone__js.js",
      "fileHash": "1f2121f4",
      "needsInterop": true
    }
  },
  "chunks": {
    "chunk-GSJUHXEW": {
      "file": "chunk-GSJUHXEW.js"
    },
    "chunk-GINFIA53": {
      "file": "chunk-GINFIA53.js"
    },
    "chunk-MCC5WVJE": {
      "file": "chunk-MCC5WVJE.js"
    },
    "chunk-TIWL5XUO": {
      "file": "chunk-TIWL5XUO.js"
    },
    "chunk-RTPSSVGP": {
      "file": "chunk-RTPSSVGP.js"
    },
    "chunk-5EJIABIM": {
      "file": "chunk-5EJIABIM.js"
    },
    "chunk-GOMI4DH3": {
      "file": "chunk-GOMI4DH3.js"
    }
  }
}