{
  "hash": "25827453",
  "configHash": "619818c9",
  "lockfileHash": "a3d37ca7",
  "browserHash": "a2c5f787",
  "optimized": {
    "@angular/common": {
      "src": "../../../../../../node_modules/@angular/common/fesm2022/common.mjs",
      "file": "@angular_common.js",
      "fileHash": "188554d4",
      "needsInterop": false
    },
    "@angular/common/http": {
      "src": "../../../../../../node_modules/@angular/common/fesm2022/http.mjs",
      "file": "@angular_common_http.js",
      "fileHash": "93c7d1aa",
      "needsInterop": false
    },
    "@angular/core": {
      "src": "../../../../../../node_modules/@angular/core/fesm2022/core.mjs",
      "file": "@angular_core.js",
      "fileHash": "a6ac1dd7",
      "needsInterop": false
    },
    "@angular/forms": {
      "src": "../../../../../../node_modules/@angular/forms/fesm2022/forms.mjs",
      "file": "@angular_forms.js",
      "fileHash": "69bf9a85",
      "needsInterop": false
    },
    "@angular/platform-browser": {
      "src": "../../../../../../node_modules/@angular/platform-browser/fesm2022/platform-browser.mjs",
      "file": "@angular_platform-browser.js",
      "fileHash": "24e9d12f",
      "needsInterop": false
    },
    "@angular/platform-browser/animations": {
      "src": "../../../../../../node_modules/@angular/platform-browser/fesm2022/animations.mjs",
      "file": "@angular_platform-browser_animations.js",
      "fileHash": "a07785ee",
      "needsInterop": false
    },
    "@angular/router": {
      "src": "../../../../../../node_modules/@angular/router/fesm2022/router.mjs",
      "file": "@angular_router.js",
      "fileHash": "d1f207d5",
      "needsInterop": false
    },
    "zone.js": {
      "src": "../../../../../../node_modules/zone.js/fesm2015/zone.js",
      "file": "zone__js.js",
      "fileHash": "710108da",
      "needsInterop": true
    }
  },
  "chunks": {
    "chunk-HYOXGH2T": {
      "file": "chunk-HYOXGH2T.js"
    },
    "chunk-MCC5WVJE": {
      "file": "chunk-MCC5WVJE.js"
    },
    "chunk-TIWL5XUO": {
      "file": "chunk-TIWL5XUO.js"
    },
    "chunk-GINFIA53": {
      "file": "chunk-GINFIA53.js"
    },
    "chunk-RTPSSVGP": {
      "file": "chunk-RTPSSVGP.js"
    },
    "chunk-5EJIABIM": {
      "file": "chunk-5EJIABIM.js"
    },
    "chunk-GOMI4DH3": {
      "file": "chunk-GOMI4DH3.js"
    }
  }
}